{"cameraMode":{"drawMode":0,"name":"Shaded","section":"Shading Mode"},"sceneLighting":false,"audioPlay":false,"sceneViewState":{"showFog":true,"showMaterialUpdate":false,"showSkybox":true,"showFlares":true,"showImageEffects":true,"showParticleSystems":true},"in2DMode":false,"pivot":{"x":3.99412202835083,"y":7.255890846252441,"z":-9.444364547729493},"rotation":{"x":0.052470024675130847,"y":-0.014978768303990364,"z":0.0007871728157624602,"w":0.9985098838806152},"size":12.859602928161621,"orthographic":false}